INSERT INTO Users (user_id, email, password, name, last_name, gender, height, weight, address, rol) VALUES (1, 'mike@gmail.com', '1234', 'Miguel', 'Del Moral', 'M', 200, 87, 'address', '0');
INSERT INTO Users (user_id, email, password, name, last_name, gender, height, weight, address, rol) VALUES (2, 'margot@gmail.com', '1234', 'Margot', 'Duek', 'F', 170, 60, 'address', '1');

INSERT INTO Categories (category_id, name) VALUES (1, 'Calzado');
INSERT INTO Categories (category_id, name) VALUES (2, 'Playeras y Tops');
INSERT INTO Categories (category_id, name) VALUES (3, 'Sudaderas');
INSERT INTO Categories (category_id, name) VALUES (4, 'Conjuntos de Entrenamiento');
INSERT INTO Categories (category_id, name) VALUES (5, 'Accesorios y Equipamiento');

INSERT INTO Products (product_id, category_id, name, photo, video, price, color, age) VALUES ('1','1','NIKE AIR HUARACHE ESSENTIAL iD','kyrie.jpg','null','4355.13','Blue','Adult');
INSERT INTO Products (product_id, category_id, name, photo, video, price, color, age) VALUES ('2','1','Lunarlon','Mike-Wine-1513684290.jpg','null','942.9','Black','Kid');
INSERT INTO Products (product_id, category_id, name, photo, video, price, color, age) VALUES ('3','1','Metcon','2018-05-01T02:13:59.810Zhuarache.jpg','null','4649.1','White','Adult');
INSERT INTO Products (product_id, category_id, name, photo, video, price, color, age) VALUES ('4','1','Zoom','kyrie.jpg','null','1916.81','Green','Kid');
INSERT INTO Products (product_id, category_id, name, photo, video, price, color, age) VALUES ('5','1','SB Janoski','Mike-Wine-1513684290.jpg','null','4136.75','Red','Adult');
INSERT INTO Products (product_id, category_id, name, photo, video, price, color, age) VALUES ('6','1','SB Zoom','2018-05-01T02:13:59.810Zhuarache.jpg','null','933.3','Blue','Kid');
INSERT INTO Products (product_id, category_id, name, photo, video, price, color, age) VALUES ('7','1','SB Max','kyrie.jpg','null','756.26','Black','Adult');
INSERT INTO Products (product_id, category_id, name, photo, video, price, color, age) VALUES ('8','1','Calzado Kyrie Irving','Mike-Wine-1513684290.jpg','null','4981.41','White','Kid');
INSERT INTO Products (product_id, category_id, name, photo, video, price, color, age) VALUES ('9','1','Calzado Kevin Durant','2018-05-01T02:13:59.810Zhuarache.jpg','null','4138.25','Green','Adult');
INSERT INTO Products (product_id, category_id, name, photo, video, price, color, age) VALUES ('10','1','Calzado Lebron James','kyrie.jpg','null','747.01','Red','Kid');
INSERT INTO Products (product_id, category_id, name, photo, video, price, color, age) VALUES ('11','2','Air Max','top.jpg','null','4320.33','Blue','Adult');
INSERT INTO Products (product_id, category_id, name, photo, video, price, color, age) VALUES ('12','2','Air Max 1','playera1.jpg','null','860.63','Black','Kid');
INSERT INTO Products (product_id, category_id, name, photo, video, price, color, age) VALUES ('13','2','Air Max 90','martidetalle.jpg','null','4342.15','White','Adult');
INSERT INTO Products (product_id, category_id, name, photo, video, price, color, age) VALUES ('14','2','Air Max 95','top.jpg','null','628.85','Green','Kid');
INSERT INTO Products (product_id, category_id, name, photo, video, price, color, age) VALUES ('15','2','Air Max 97','playera1.jpg','null','3117.81','Red','Adult');
INSERT INTO Products (product_id, category_id, name, photo, video, price, color, age) VALUES ('16','2','Air Max 270','martidetalle.jpg','null','4202.48','Blue','Kid');
INSERT INTO Products (product_id, category_id, name, photo, video, price, color, age) VALUES ('17','2','Air Max Thea','top.jpg','null','2158.99','Black','Adult');
INSERT INTO Products (product_id, category_id, name, photo, video, price, color, age) VALUES ('18','2','Air Max Plus','playera1.jpg','null','2187.49','White','Kid');
INSERT INTO Products (product_id, category_id, name, photo, video, price, color, age) VALUES ('19','2','Air Force 1','martidetalle.jpg','null','3960.5','Green','Adult');
INSERT INTO Products (product_id, category_id, name, photo, video, price, color, age) VALUES ('20','2','Huarache','top.jpg','null','3740.03','Red','Kid');
INSERT INTO Products (product_id, category_id, name, photo, video, price, color, age) VALUES ('21','3','React','sudadera.jpg','null','1818.63','Blue','Adult');
INSERT INTO Products (product_id, category_id, name, photo, video, price, color, age) VALUES ('22','3','Pegasus','sudadera-nike-w-nsw-jkt-fnl-gx-gris.jpg','null','1873.07','Black','Kid');
INSERT INTO Products (product_id, category_id, name, photo, video, price, color, age) VALUES ('23','3','Free RN','sudadera-nike-therma-graphic-nino.jpg','null','3409.46','White','Adult');
INSERT INTO Products (product_id, category_id, name, photo, video, price, color, age) VALUES ('24','3','Free RN Flyknit','sudadera.jpg','null','1928.1','Green','Kid');
INSERT INTO Products (product_id, category_id, name, photo, video, price, color, age) VALUES ('25','3','Vomero','sudadera-nike-w-nsw-jkt-fnl-gx-gris.jpg','null','3412.13','Red','Adult');
INSERT INTO Products (product_id, category_id, name, photo, video, price, color, age) VALUES ('26','3','Structure','sudadera-nike-therma-graphic-nino.jpg','null','1776.33','Blue','Kid');
INSERT INTO Products (product_id, category_id, name, photo, video, price, color, age) VALUES ('27','3','Calzado de running Air Max','sudadera.jpg','null','2645.25','Black','Adult');
INSERT INTO Products (product_id, category_id, name, photo, video, price, color, age) VALUES ('28','3','Calzado de running Flyknit','sudadera-nike-w-nsw-jkt-fnl-gx-gris.jpg','null','2897.27','White','Kid');
INSERT INTO Products (product_id, category_id, name, photo, video, price, color, age) VALUES ('29','3','Calzado de running Free','sudadera-nike-therma-graphic-nino.jpg','null','1550.6','Green','Adult');
INSERT INTO Products (product_id, category_id, name, photo, video, price, color, age) VALUES ('30','3','Calzado de running Zoom','sudadera.jpg','null','3061.18','Red','Kid');
INSERT INTO Products (product_id, category_id, name, photo, video, price, color, age) VALUES ('31','4','Mercurial','NIKE-BB0361-Ahtv9rlS.jpg','null','1154.11','Blue','Adult');
INSERT INTO Products (product_id, category_id, name, photo, video, price, color, age) VALUES ('32','4','Magista','gorra.jpeg','null','587.01','Black','Kid');
INSERT INTO Products (product_id, category_id, name, photo, video, price, color, age) VALUES ('33','4','Hypervenom','accesorio.jpeg','null','3472.73','White','Adult');
INSERT INTO Products (product_id, category_id, name, photo, video, price, color, age) VALUES ('34','4','Tiempo','NIKE-BB0361-Ahtv9rlS.jpg','null','1602.62','Green','Kid');
INSERT INTO Products (product_id, category_id, name, photo, video, price, color, age) VALUES ('35','4','Botas de fútbol Flyknit','gorra.jpeg','null','1594.9','Red','Adult');
INSERT INTO Products (product_id, category_id, name, photo, video, price, color, age) VALUES ('36','4','Air Jordan 1','accesorio.jpeg','null','2666.63','Blue','Kid');
INSERT INTO Products (product_id, category_id, name, photo, video, price, color, age) VALUES ('37','4','Air Jordan Future','NIKE-BB0361-Ahtv9rlS.jpg','null','3548.45','Black','Adult');
INSERT INTO Products (product_id, category_id, name, photo, video, price, color, age) VALUES ('38','5','Air Max','equipmentNike.jpeg','null','4742.36','White','Kid');
INSERT INTO Products (product_id, category_id, name, photo, video, price, color, age) VALUES ('39','5','Air Max 90','N1244E0BL-K11-566753.jpg','null','3566.46','Green','Adult');
INSERT INTO Products (product_id, category_id, name, photo, video, price, color, age) VALUES ('40','5','Air Max 95','N1244E02O-H11-854090.jpg','null','3105.2','Red','Kid');
INSERT INTO Products (product_id, category_id, name, photo, video, price, color, age) VALUES ('41','5','Air Max 270','equipmentNike.jpeg','null','4326.62','Blue','Adult');
INSERT INTO Products (product_id, category_id, name, photo, video, price, color, age) VALUES ('42','5','Air Force','N1244E0BL-K11-566753.jpg','null','2817.51','Black','Kid');
INSERT INTO Products (product_id, category_id, name, photo, video, price, color, age) VALUES ('43','5','Free','N1244E02O-H11-854090.jpg','null','607.69','White','Adult');
INSERT INTO Products (product_id, category_id, name, photo, video, price, color, age) VALUES ('44','5','Flyknit','equipmentNike.jpeg','null','3085.94','Green','Kid');
INSERT INTO Products (product_id, category_id, name, photo, video, price, color, age) VALUES ('45','5','Mercurial','N1244E0BL-K11-566753.jpg','null','4106.62','Red','Adult');
INSERT INTO Products (product_id, category_id, name, photo, video, price, color, age) VALUES ('46','5','Hypervenom','N1244E02O-H11-854090.jpg','null','1775.26','Blue','Kid');
INSERT INTO Products (product_id, category_id, name, photo, video, price, color, age) VALUES ('47','5','Huarache','equipmentNike.jpeg','null','556.45','Black','Adult');
INSERT INTO Products (product_id, category_id, name, photo, video, price, color, age) VALUES ('48','5','ljbouh','equipmentNike.jpeg','null','1456.45','Red','Adult');


INSERT INTO Sellers (seller_id, name) VALUES (1, 'Juan');
INSERT INTO Sellers (seller_id, name) VALUES (2, 'Pedro');
INSERT INTO Sellers (seller_id, name) VALUES (3, 'Maria');
INSERT INTO Sellers (seller_id, name) VALUES (4, 'Ana');