INSERT INTO Users (user_id, email, password, name, last_name, gender, height, weight, address, rol) VALUES (1, 'mike@gmail.com', '1234', 'Miguel', 'Del Moral', 'M', 200, 87, 'address', '0');
INSERT INTO Users (user_id, email, password, name, last_name, gender, height, weight, address, rol) VALUES (2, 'margot@gmail.com', '1234', 'Margot', 'Duek', 'F', 170, 60, 'address', '1');

INSERT INTO Categories (category_id, name) VALUES (1, 'Calzado');
INSERT INTO Categories (category_id, name) VALUES (2, 'Playeras y Tops');
INSERT INTO Categories (category_id, name) VALUES (3, 'Sudaderas');
INSERT INTO Categories (category_id, name) VALUES (4, 'Conjuntos de Entrenamiento');
INSERT INTO Categories (category_id, name) VALUES (5, 'Accesorios y Equipamiento');

INSERT INTO Products (category_id, name, price) VALUES (1, 'NIKE AIR HUARACHE ESSENTIAL iD', 2649);
INSERT INTO Products (category_id, name, price) VALUES (1, 'Lunarlon', 1.0);
INSERT INTO Products (category_id, name, price) VALUES (1, 'Metcon', 1.0);
INSERT INTO Products (category_id, name, price) VALUES (1, 'Zoom', 1.0);
INSERT INTO Products (category_id, name, price) VALUES (1, 'SB Janoski', 1.0);
INSERT INTO Products (category_id, name, price) VALUES (1, 'SB Zoom', 1.0);
INSERT INTO Products (category_id, name, price) VALUES (1, 'SB Max', 1.0);
INSERT INTO Products (category_id, name, price) VALUES (1, 'Calzado Kyrie Irving', 1.0);
INSERT INTO Products (category_id, name, price) VALUES (1, 'Calzado Kevin Durant', 1.0);
INSERT INTO Products (category_id, name, price) VALUES (1, 'Calzado Lebron James', 1.0);
INSERT INTO Products (category_id, name, price) VALUES (2, 'Air Max', 1.0);
INSERT INTO Products (category_id, name, price) VALUES (2, 'Air Max 1', 1.0);
INSERT INTO Products (category_id, name, price) VALUES (2, 'Air Max 90', 1.0);
INSERT INTO Products (category_id, name, price) VALUES (2, 'Air Max 95', 1.0);
INSERT INTO Products (category_id, name, price) VALUES (2, 'Air Max 97', 1.0);
INSERT INTO Products (category_id, name, price) VALUES (2, 'Air Max 270', 1.0);
INSERT INTO Products (category_id, name, price) VALUES (2, 'Air Max Thea', 1.0);
INSERT INTO Products (category_id, name, price) VALUES (2, 'Air Max Plus', 1.0);
INSERT INTO Products (category_id, name, price) VALUES (2, 'Air Force 1', 1.0);
INSERT INTO Products (category_id, name, price) VALUES (2, 'Huarache', 1.0);
INSERT INTO Products (category_id, name, price) VALUES (3, 'React', 1.0);
INSERT INTO Products (category_id, name, price) VALUES (3, 'Pegasus', 1.0);
INSERT INTO Products (category_id, name, price) VALUES (3, 'Free RN', 1.0);
INSERT INTO Products (category_id, name, price) VALUES (3, 'Free RN Flyknit', 1.0);
INSERT INTO Products (category_id, name, price) VALUES (3, 'Vomero', 1.0);
INSERT INTO Products (category_id, name, price) VALUES (3, 'Structure', 1.0);
INSERT INTO Products (category_id, name, price) VALUES (3, 'Calzado de running Air Max', 1.0);
INSERT INTO Products (category_id, name, price) VALUES (3, 'Calzado de running Flyknit', 1.0);
INSERT INTO Products (category_id, name, price) VALUES (3, 'Calzado de running Free', 1.0);
INSERT INTO Products (category_id, name, price) VALUES (3, 'Calzado de running Zoom', 1.0);
INSERT INTO Products (category_id, name, price) VALUES (4, 'Mercurial', 1.0);
INSERT INTO Products (category_id, name, price) VALUES (4, 'Magista', 1.0);
INSERT INTO Products (category_id, name, price) VALUES (4, 'Hypervenom', 1.0);
INSERT INTO Products (category_id, name, price) VALUES (4, 'Tiempo', 1.0);
INSERT INTO Products (category_id, name, price) VALUES (4, 'Botas de fútbol Flyknit', 1.0);
INSERT INTO Products (category_id, name, price) VALUES (4, 'Air Jordan 1', 1.0);
INSERT INTO Products (category_id, name, price) VALUES (4, 'Air Jordan Future', 1.0);
INSERT INTO Products (category_id, name, price) VALUES (5, 'Air Max', 1.0);
INSERT INTO Products (category_id, name, price) VALUES (5, 'Air Max 90', 1.0);
INSERT INTO Products (category_id, name, price) VALUES (5, 'Air Max 95', 1.0);
INSERT INTO Products (category_id, name, price) VALUES (5, 'Air Max 270', 1.0);
INSERT INTO Products (category_id, name, price) VALUES (5, 'Air Force', 1.0);
INSERT INTO Products (category_id, name, price) VALUES (5, 'Free', 1.0);
INSERT INTO Products (category_id, name, price) VALUES (5, 'Flyknit', 1.0);
INSERT INTO Products (category_id, name, price) VALUES (5, 'Mercurial', 1.0);
INSERT INTO Products (category_id, name, price) VALUES (5, 'Hypervenom', 1.0);
INSERT INTO Products (category_id, name, price) VALUES (5, 'Huarache', 1.0);

INSERT INTO Sellers (seller_id, name) VALUES (1, 'Juan');
INSERT INTO Sellers (seller_id, name) VALUES (2, 'Pedro');
INSERT INTO Sellers (seller_id, name) VALUES (3, 'Maria');
INSERT INTO Sellers (seller_id, name) VALUES (4, 'Ana');